<application>
  <component name="ProjectManager">
    <defaultProject>
      <component name="DefaultGradleProjectSettings">
        <option name="isMigrated" value="true" />
      </component>
      <component name="GradleLocalSettings">
        <option name="projectSyncType">
          <map>
            <entry key="D:/pdd/arthas" value="PREVIEW" />
            <entry key="D:/pdd/baghdad" value="PREVIEW" />
            <entry key="D:/pdd/boar" value="PREVIEW" />
            <entry key="D:/pdd/boruto" value="PREVIEW" />
            <entry key="D:/pdd/brasil" value="PREVIEW" />
            <entry key="D:/pdd/charron" value="PREVIEW" />
            <entry key="D:/pdd/chirabi" value="PREVIEW" />
            <entry key="D:/pdd/cuba" value="PREVIEW" />
            <entry key="D:/pdd/demo-hello" value="PREVIEW" />
            <entry key="D:/pdd/denmark" value="PREVIEW" />
            <entry key="D:/pdd/doha" value="PREVIEW" />
            <entry key="D:/pdd/gengar" value="PREVIEW" />
            <entry key="D:/pdd/greece" value="PREVIEW" />
            <entry key="D:/pdd/hartley" value="PREVIEW" />
            <entry key="D:/pdd/mamiya" value="PREVIEW" />
            <entry key="D:/pdd/michelin" value="PREVIEW" />
            <entry key="D:/pdd/nagato" value="PREVIEW" />
            <entry key="D:/pdd/ninja" value="PREVIEW" />
            <entry key="D:/pdd/obito" value="PREVIEW" />
            <entry key="D:/pdd/omni" value="PREVIEW" />
            <entry key="D:/pdd/osmanthus" value="PREVIEW" />
            <entry key="D:/pdd/pentax" value="PREVIEW" />
            <entry key="D:/pdd/peppa" value="PREVIEW" />
            <entry key="D:/pdd/phuket" value="PREVIEW" />
            <entry key="D:/pdd/pork" value="PREVIEW" />
            <entry key="D:/pdd/qatar" value="PREVIEW" />
            <entry key="D:/pdd/riolu" value="PREVIEW" />
            <entry key="D:/pdd/scorpio" value="PREVIEW" />
            <entry key="D:/pdd/seneca" value="PREVIEW" />
            <entry key="D:/pdd/sus" value="PREVIEW" />
            <entry key="D:/pdd/torch" value="PREVIEW" />
            <entry key="D:/pdd/trotter" value="PREVIEW" />
            <entry key="D:/pdd/wakanda" value="PREVIEW" />
          </map>
        </option>
      </component>
      <component name="PropertiesComponent">
        <property name="nodejs_interpreter_path.stuck_in_default_project" value="undefined stuck path" />
        <property name="nodejs_npm_path_reset_for_default_project" value="true" />
      </component>
    </defaultProject>
  </component>
</application>